{
  "MAHAMAHAETHLPTokenPool": {
    "weeklyAPY": 1.2967459287365286,
    "dailyAPY": 0.18524941839093265,
    "yearlyAPY": 67.43078829429949,
    "staked_tvl": 723349.0996296634
  },
  "MAHADAIARTHLPTokenPool": {
    "weeklyAPY": 8.489080847221182,
    "dailyAPY": 1.2127258353173116,
    "yearlyAPY": 441.4322040555014,
    "staked_tvl": 147326.51145336422
  },
  "MAHAARTHPool": {
    "weeklyAPY": 1.3262533201262523,
    "dailyAPY": 0.18946476001803605,
    "yearlyAPY": 68.96517264656512,
    "staked_tvl": 943007.3785207256
  },
  "MAHADAIARTHMLPTokenPool": {
    "weeklyAPY": 4.390914833217195,
    "dailyAPY": 0.6272735476024565,
    "yearlyAPY": 228.32757132729415,
    "staked_tvl": 569661.0907619499
  }
}
