{"MAHAMAHAETHLPTokenPool":{"weeklyAPY":2.1898088307255277,"dailyAPY":0.31282983296078964,"yearlyAPY":113.87005919772744,"staked_tvl":348432.24179856945},"MAHADAIARTHLPTokenPool":{"weeklyAPY":1.6190082195910636,"dailyAPY":0.23128688851300908,"yearlyAPY":84.1884274187353,"staked_tvl":628368.232491306},"MAHAARTHPool":{"weeklyAPY":2.8849396879905,"dailyAPY":0.4121342411415,"yearlyAPY":150.01686377550598,"staked_tvl":352635.9104033661}}