{"MAHAMAHAETHLPTokenPool":{"weeklyAPY":1.2302648062313897,"dailyAPY":0.1757521151759128,"yearlyAPY":63.97376992403226,"staked_tvl":819904.7838244687},"MAHADAIARTHLPTokenPool":{"weeklyAPY":7.654388822766892,"dailyAPY":1.0934841175381274,"yearlyAPY":398.0282187838784,"staked_tvl":175707.47508057335},"MAHAARTHPool":{"weeklyAPY":5.165352673156244,"dailyAPY":0.7379075247366063,"yearlyAPY":268.5983390041247,"staked_tvl":260375.8965622618}}