{"MAHAMAHAETHLPTokenPool":{"weeklyAPY":10.398418028606237,"dailyAPY":1.485488289800891,"yearlyAPY":540.7177374875243,"staked_tvl":129856.29124404302},"MAHADAIARTHLPTokenPool":{"weeklyAPY":16.58279426091744,"dailyAPY":2.368970608702491,"yearlyAPY":862.3053015677068,"staked_tvl":108570.36345456007},"ARTHBASPool":{"weeklyAPY":5.261258208160287,"dailyAPY":0.7516083154514696,"yearlyAPY":273.58542682433495,"staked_tvl":945369.8097899999},"ARTHMKRPool":{"weeklyAPY":2.6586297818623676,"dailyAPY":0.3798042545517668,"yearlyAPY":138.2487486568431,"staked_tvl":1870826.3577866035},"ARTHSHAREPool":{"weeklyAPY":5.025427702061827,"dailyAPY":0.7179182431516896,"yearlyAPY":261.322240507215,"staked_tvl":989733.60405999},"ARTHCOMPool":{"weeklyAPY":3.3517821671129227,"dailyAPY":0.47882602387327466,"yearlyAPY":174.29267268987198,"staked_tvl":1483937.3275229302},"ARTHESDPool":{"weeklyAPY":0.6574887075267954,"dailyAPY":0.09392695821811363,"yearlyAPY":34.189412791393366,"staked_tvl":7564897.487310626},"ARTHMahaEthLPPool":{"weeklyAPY":36.942553780279056,"dailyAPY":5.277507682897008,"yearlyAPY":1921.012796574511,"staked_tvl":1615644.018901498},"ARTHSUSHIPool":{"weeklyAPY":2.216888252368815,"dailyAPY":0.3166983217669736,"yearlyAPY":115.2781891231784,"staked_tvl":2243610.9110100004},"ARTHCURVEPool":{"weeklyAPY":1.91099913303527,"dailyAPY":0.2729998761478957,"yearlyAPY":99.37195491783405,"staked_tvl":2602740.4123436445},"ARTHFRAXPool":{"weeklyAPY":8.572966509206804,"dailyAPY":1.2247095013152578,"yearlyAPY":445.7942584787538,"staked_tvl":580176.6128635862},"ARTHMahaPool":{"weeklyAPY":20.899585863317938,"dailyAPY":2.985655123331134,"yearlyAPY":1086.7784648925328,"staked_tvl":2855846.831051956},"ARTHYFIPool":{"weeklyAPY":1.7185354768055023,"dailyAPY":0.24550506811507175,"yearlyAPY":89.36384479388612,"staked_tvl":2894228.6840363475},"ARTHDSDPool":{"weeklyAPY":1.4834848341789062,"dailyAPY":0.2119264048827009,"yearlyAPY":77.14121137730312,"staked_tvl":3352804.529516834},"ARTHMATICPool":{"weeklyAPY":6.25152620893588,"dailyAPY":0.8930751727051257,"yearlyAPY":325.07936286466577,"staked_tvl":795619.2624442664},"ARTHRSRPool":{"weeklyAPY":3.1921850706037294,"dailyAPY":0.4560264386576756,"yearlyAPY":165.99362367139392,"staked_tvl":1558128.5425170783},"MAHAARTHPool":{"weeklyAPY":7.797510064771431,"dailyAPY":1.1139300092530615,"yearlyAPY":405.4705233681144,"staked_tvl":230894.2194424438}}