{
  "MAHAMAHAETHLPTokenPool":{
     "weeklyAPY":11.928107155375024,
     "dailyAPY":1.7040153079107176,
     "yearlyAPY":620.2615720795012,
     "staked_tvl":142897.7773084408
  },
  "MAHADAIARTHLPTokenPool":{
     "weeklyAPY":25.01112580236792,
     "dailyAPY":3.5730179717668458,
     "yearlyAPY":1300.5785417231318,
     "staked_tvl":90866.2282787567
  },
  "ARTHBASPool":{
     "weeklyAPY":4.649640804466246,
     "dailyAPY":0.6642344006380352,
     "yearlyAPY":241.7813218322448,
     "staked_tvl":938051.35891
  },
  "ARTHMKRPool":{
     "weeklyAPY":2.243359797581985,
     "dailyAPY":0.3204799710831407,
     "yearlyAPY":116.65470947426321,
     "staked_tvl":1944227.5286265358
  },
  "ARTHSHAREPool":{
     "weeklyAPY":4.941858101189714,
     "dailyAPY":0.7059797287413877,
     "yearlyAPY":256.97662126186515,
     "staked_tvl":882583.389843372
  },
  "ARTHCOMPool":{
     "weeklyAPY":3.0730739671946163,
     "dailyAPY":0.43901056674208805,
     "yearlyAPY":159.79984629412004,
     "staked_tvl":1419296.092978399
  },
  "ARTHESDPool":{
     "weeklyAPY":1.0090924796227578,
     "dailyAPY":0.14415606851753685,
     "yearlyAPY":52.47280894038341,
     "staked_tvl":4322301.437330603
  },
  "ARTHMahaEthLPPool":{
     "weeklyAPY":42.74697942124293,
     "dailyAPY":6.106711345891847,
     "yearlyAPY":2222.8429299046325,
     "staked_tvl":1224395.8101719257
  },
  "ARTHSUSHIPool":{
     "weeklyAPY":1.779846157014361,
     "dailyAPY":0.2542637367163373,
     "yearlyAPY":92.55200016474677,
     "staked_tvl":2450549.9297700003
  },
  "ARTHCURVEPool":{
     "weeklyAPY":1.2510834472287191,
     "dailyAPY":0.17872620674695988,
     "yearlyAPY":65.05633925589339,
     "staked_tvl":3486259.757280262
  },
  "ARTHFRAXPool":{
     "weeklyAPY":6.753544858167569,
     "dailyAPY":0.964792122595367,
     "yearlyAPY":351.1843326247136,
     "staked_tvl":645824.0770842197
  },
  "ARTHMahaPool":{
     "weeklyAPY":15.879623015706265,
     "dailyAPY":2.2685175736723235,
     "yearlyAPY":825.7403968167258,
     "staked_tvl":3295999.057981889
  },
  "ARTHYFIPool":{
     "weeklyAPY":1.4817469236035499,
     "dailyAPY":0.21167813194336427,
     "yearlyAPY":77.0508400273846,
     "staked_tvl":2943553.859025875
  },
  "ARTHDSDPool":{
     "weeklyAPY":1.39300581923059,
     "dailyAPY":0.19900083131865573,
     "yearlyAPY":72.43630259999068,
     "staked_tvl":3131072.25745979
  },
  "ARTHMATICPool":{
     "weeklyAPY":6.122188838801371,
     "dailyAPY":0.874598405543053,
     "yearlyAPY":318.3538196176713,
     "staked_tvl":712425.2436366993
  },
  "ARTHRSRPool":{
     "weeklyAPY":3.1896633256899536,
     "dailyAPY":0.4556661893842791,
     "yearlyAPY":165.86249293587758,
     "staked_tvl":1367417.633059907
  },
  "MAHAARTHPool":{
     "weeklyAPY":13.951291816953134,
     "dailyAPY":1.993041688136162,
     "yearlyAPY":725.467174481563,
     "staked_tvl":162900.08814130016
  }
}