{
  "MAHAMAHAETHLPTokenPool": {
    "weeklyAPY": 12.89956951807262,
    "dailyAPY": 1.8427956454389458,
    "yearlyAPY": 670.7776149397763,
    "staked_tvl": 104732.17715577365
  },
  "MAHADAIARTHLPTokenPool": {
    "weeklyAPY": 63.90830040829759,
    "dailyAPY": 9.12975720118537,
    "yearlyAPY": 3323.231621231475,
    "staked_tvl": 28186.2187200249
  },
  "ARTHBASPool": {
    "weeklyAPY": 3.24848383618999,
    "dailyAPY": 0.46406911945571283,
    "yearlyAPY": 168.92115948187947,
    "staked_tvl": 1233124.18604
  },
  "ARTHMKRPool": {
    "weeklyAPY": 1.980174925008196,
    "dailyAPY": 0.28288213214402796,
    "yearlyAPY": 102.96909610042619,
    "staked_tvl": 2022944.5064553062
  },
  "ARTHSHAREPool": {
    "weeklyAPY": 5.80668035119684,
    "dailyAPY": 0.8295257644566914,
    "yearlyAPY": 301.94737826223565,
    "staked_tvl": 689857.84374031
  },
  "ARTHCOMPool": {
    "weeklyAPY": 3.0238416219740447,
    "dailyAPY": 0.4319773745677207,
    "yearlyAPY": 157.23976434265032,
    "staked_tvl": 1324733.3978261715
  },
  "ARTHESDPool": {
    "weeklyAPY": 0.5392326758327031,
    "dailyAPY": 0.07703323940467187,
    "yearlyAPY": 28.04009914330056,
    "staked_tvl": 7428674.421816145
  },
  "ARTHMahaEthLPPool": {
    "weeklyAPY": 104.72299607705855,
    "dailyAPY": 14.960428011008364,
    "yearlyAPY": 5445.595796007045,
    "staked_tvl": 459014.826132548
  },
  "ARTHSUSHIPool": {
    "weeklyAPY": 1.5915301411725122,
    "dailyAPY": 0.22736144873893033,
    "yearlyAPY": 82.75956734097063,
    "staked_tvl": 2516938.81425
  },
  "ARTHCURVEPool": {
    "weeklyAPY": 3.6685973598452626,
    "dailyAPY": 0.5240853371207518,
    "yearlyAPY": 190.76706271195366,
    "staked_tvl": 1091911.5927551226
  },
  "ARTHFRAXPool": {
    "weeklyAPY": 5.290967341840153,
    "dailyAPY": 0.7558524774057361,
    "yearlyAPY": 275.13030177568794,
    "staked_tvl": 757098.6036312787
  },
  "ARTHMahaPool": {
    "weeklyAPY": 19.0390289515702,
    "dailyAPY": 2.719861278795743,
    "yearlyAPY": 990.0295054816503,
    "staked_tvl": 2524782.537946933
  },
  "ARTHYFIPool": {
    "weeklyAPY": 1.2875916606578912,
    "dailyAPY": 0.18394166580827018,
    "yearlyAPY": 66.95476635421035,
    "staked_tvl": 3111067.047699839
  },
  "ARTHDSDPool": {
    "weeklyAPY": 1.0660287945451203,
    "dailyAPY": 0.15228982779216005,
    "yearlyAPY": 55.433497316346255,
    "staked_tvl": 3757669.592851069
  },
  "ARTHMATICPool": {
    "weeklyAPY": 10.0065581942814,
    "dailyAPY": 1.4295083134687714,
    "yearlyAPY": 520.3410261026328,
    "staked_tvl": 400315.86371577036
  },
  "ARTHRSRPool": {
    "weeklyAPY": 3.2602135913822714,
    "dailyAPY": 0.4657447987688959,
    "yearlyAPY": 169.5311067518781,
    "staked_tvl": 1228687.5918051424
  },
  "MAHAARTHPool": {
    "weeklyAPY": 28.429650470320606,
    "dailyAPY": 4.06137863861723,
    "yearlyAPY": 1478.3418244566715,
    "staked_tvl": 63361.07913862153
  }
}
